Workbook

Sheet Tasks
A1: Task Title | B1: Priority | C1: Status ID | D1: Status Name | E1: Start Date | F1: End Date | G1: Estimated Hours | H1: Actual Hours | I1: Member IDs | J1: Member Names
A2: This task for Nothing | B2: low | C2: ==IFERROR(VLOOKUP(D2, Helper!$B$2:$A$8, 2, FALSE), "") | D2: To Do | E2: 2026-05-22 | F2: 2026-06-16 | G2: 5 | H2: 5 | I2: ==IFERROR(VLOOKUP(J2, Helper!$D$2:$C$12, 2, FALSE), "") | J2: Alageshwaran K, kamalesh K
A3: Review meeting | B3: high | C3: ==IFERROR(VLOOKUP(D3, Helper!$B$2:$A$8, 2, FALSE), "") | D3: progress | E3: 2026-05-22 | F3: 2026-05-23 | G3: 2 | H3: 3 | I3: ==IFERROR(VLOOKUP(J3, Helper!$D$2:$C$12, 2, FALSE), "") | J3: kamalesh K
A4: Review meeting | B4: high | C4: ==IFERROR(VLOOKUP(D4, Helper!$B$2:$A$8, 2, FALSE), "") | D4: progress | E4: 2026-05-22 | F4: 2026-05-23 | G4: 2 | H4: 2 | I4: ==IFERROR(VLOOKUP(J4, Helper!$D$2:$C$12, 2, FALSE), "") | J4: worker 2
A5: Review meeting | B5: high | C5: ==IFERROR(VLOOKUP(D5, Helper!$B$2:$A$8, 2, FALSE), "") | D5: progress | E5: 2026-05-22 | F5: 2026-05-23 | G5: 2 | H5: 2 | I5: ==IFERROR(VLOOKUP(J5, Helper!$D$2:$C$12, 2, FALSE), "") | J5: sathiyaa K
A6: PR Raised with errors makes | B6: high | C6: ==IFERROR(VLOOKUP(D6, Helper!$B$2:$A$8, 2, FALSE), "") | D6: On Hold | E6: 2026-05-20 | F6: 2026-05-30 | G6: 2 | H6: 5 | I6: ==IFERROR(VLOOKUP(J6, Helper!$D$2:$C$12, 2, FALSE), "")
A7: XYZ | B7: high | C7: ==IFERROR(VLOOKUP(D7, Helper!$B$2:$A$8, 2, FALSE), "") | D7: Code review | E7: 2026-05-22 | F7: 2026-05-23 | G7: 2 | H7: 2 | I7: ==IFERROR(VLOOKUP(J7, Helper!$D$2:$C$12, 2, FALSE), "") | J7: Alageshwaran K
A8: XYZ | B8: high | C8: ==IFERROR(VLOOKUP(D8, Helper!$B$2:$A$8, 2, FALSE), "") | D8: Code review | E8: 2026-05-22 | F8: 2026-05-23 | G8: 2 | H8: 2 | I8: ==IFERROR(VLOOKUP(J8, Helper!$D$2:$C$12, 2, FALSE), "") | J8: sathiyaa K
A9: arasan task | B9: medium | C9: ==IFERROR(VLOOKUP(D9, Helper!$B$2:$A$8, 2, FALSE), "") | D9: Code review | E9: 2026-06-01 | G9: 2 | H9: 2 | I9: ==IFERROR(VLOOKUP(J9, Helper!$D$2:$C$12, 2, FALSE), "") | J9: arasan A
A10: XYZ | B10: high | C10: ==IFERROR(VLOOKUP(D10, Helper!$B$2:$A$8, 2, FALSE), "") | D10: Completed | E10: 2026-05-22 | F10: 2026-05-23 | G10: 2 | H10: 2 | I10: ==IFERROR(VLOOKUP(J10, Helper!$D$2:$C$12, 2, FALSE), "") | J10: worker 2
A11: Hatsun testing correction | B11: low | C11: ==IFERROR(VLOOKUP(D11, Helper!$B$2:$A$8, 2, FALSE), "") | D11: xyz | E11: 2026-05-28 | F11: 2026-05-27 | I11: ==IFERROR(VLOOKUP(J11, Helper!$D$2:$C$12, 2, FALSE), "") | J11: worker 2
A12: POC for Hatsun app ll | B12: medium | C12: ==IFERROR(VLOOKUP(D12, Helper!$B$2:$A$8, 2, FALSE), "") | D12: xyz | E12: 2026-05-22 | F12: 2026-05-29 | I12: ==IFERROR(VLOOKUP(J12, Helper!$D$2:$C$12, 2, FALSE), "") | J12: worker 2, kamalesh K
A13: Extended View of all pages | B13: medium | C13: ==IFERROR(VLOOKUP(D13, Helper!$B$2:$A$8, 2, FALSE), "") | D13: xyz | I13: ==IFERROR(VLOOKUP(J13, Helper!$D$2:$C$12, 2, FALSE), "") | J13: kamalesh K
A14: Review meeting | B14: high | C14: ==IFERROR(VLOOKUP(D14, Helper!$B$2:$A$8, 2, FALSE), "") | D14: xyz | E14: 2026-05-22 | F14: 2026-05-23 | G14: 2 | H14: 2 | I14: ==IFERROR(VLOOKUP(J14, Helper!$D$2:$C$12, 2, FALSE), "") | J14: team lead A 2
C15: ==IFERROR(VLOOKUP(D15, Helper!$A$2:$B$8, 2, FALSE), "") | I15: ==IFERROR(VLOOKUP(J15, Helper!$C$2:$D$12, 2, FALSE), "")
C16: ==IFERROR(VLOOKUP(D16, Helper!$A$2:$B$8, 2, FALSE), "") | I16: ==IFERROR(VLOOKUP(J16, Helper!$C$2:$D$12, 2, FALSE), "")
C17: ==IFERROR(VLOOKUP(D17, Helper!$A$2:$B$8, 2, FALSE), "") | I17: ==IFERROR(VLOOKUP(J17, Helper!$C$2:$D$12, 2, FALSE), "")
C18: ==IFERROR(VLOOKUP(D18, Helper!$A$2:$B$8, 2, FALSE), "") | I18: ==IFERROR(VLOOKUP(J18, Helper!$C$2:$D$12, 2, FALSE), "")
C19: ==IFERROR(VLOOKUP(D19, Helper!$A$2:$B$8, 2, FALSE), "") | I19: ==IFERROR(VLOOKUP(J19, Helper!$C$2:$D$12, 2, FALSE), "")
C20: ==IFERROR(VLOOKUP(D20, Helper!$A$2:$B$8, 2, FALSE), "") | I20: ==IFERROR(VLOOKUP(J20, Helper!$C$2:$D$12, 2, FALSE), "")
C21: ==IFERROR(VLOOKUP(D21, Helper!$A$2:$B$8, 2, FALSE), "") | I21: ==IFERROR(VLOOKUP(J21, Helper!$C$2:$D$12, 2, FALSE), "")
C22: ==IFERROR(VLOOKUP(D22, Helper!$A$2:$B$8, 2, FALSE), "") | I22: ==IFERROR(VLOOKUP(J22, Helper!$C$2:$D$12, 2, FALSE), "")
C23: ==IFERROR(VLOOKUP(D23, Helper!$A$2:$B$8, 2, FALSE), "") | I23: ==IFERROR(VLOOKUP(J23, Helper!$C$2:$D$12, 2, FALSE), "")
C24: ==IFERROR(VLOOKUP(D24, Helper!$A$2:$B$8, 2, FALSE), "") | I24: ==IFERROR(VLOOKUP(J24, Helper!$C$2:$D$12, 2, FALSE), "")
C25: ==IFERROR(VLOOKUP(D25, Helper!$A$2:$B$8, 2, FALSE), "") | I25: ==IFERROR(VLOOKUP(J25, Helper!$C$2:$D$12, 2, FALSE), "")
C26: ==IFERROR(VLOOKUP(D26, Helper!$A$2:$B$8, 2, FALSE), "") | I26: ==IFERROR(VLOOKUP(J26, Helper!$C$2:$D$12, 2, FALSE), "")
... C100: ==IFERROR(VLOOKUP(D100, Helper!$A$2:$B$8, 2, FALSE), "") | I100: ==IFERROR(VLOOKUP(J100, Helper!$C$2:$D$12, 2, FALSE), "")

Sheet Helper
A1: Status Name | B1: Status ID | C1: Member Name | D1: Member ID
A2: ended | B2: 14 | C2: Alageshwaran K | D2: 5
A3: To Do | B3: 1 | C3: scrum ON | D3: 7
A4: progress | B4: 2 | C4: veera | D4: 8
A5: On Hold | B5: 3 | C5: kamalesh K | D5: 2
A6: Code review | B6: 11 | C6: worker 2 | D6: 4
A7: Completed | B7: 12 | C7: sathiyaa K | D7: 3
A8: xyz | B8: 13 | C8: team lead A 2 | D8: 7
C9: worker 3 | D9: 5
C10: mani kandan | D10: 8
C11: arasan A | D11: 9
C12: worker 4 | D12: 6
